793480817,Theo,Bautista,Port Charlesville,1985-12-12,Remi
482453686,Taylor,Trujillo,Sullivanstad,1968-08-07,Bridge
360018013,Jerry,Lawrence,New Crystalview,1948-07-18,Bridge
695397928,Philip,Foley,South Sherry,1963-11-06,Remi
720097875,Reed,Boone,Brooksbury,1985-03-03,Bridge
377706626,Atticus,Nixon,Scottberg,1953-01-14,Black Jeck
682767323,Harry,Gentry,Port Darrelltown,1992-08-25,Poker
000430319,Talon,Mason,Port Karen,1932-10-11,Poker
711469565,Jett,Lucero,Williston,1930-07-25,Black Jeck
160073562,Orlando,Mack,Clarkchester,1954-10-07,Remi
925791500,Joey,Mcguire,Francesmouth,1978-02-07,Black Jeck
650636003,Gage,Harding,Port Terriland,1951-05-06,Black Jeck
215624055,Wilder,Le,South Julie,1979-12-04,Poker
825751972,Lane,Barnett,Mossshire,1973-09-15,Remi
884216079,Mathew,Summers,Campbellstad,1986-08-08,Bridge
409676002,Caspian,Ballard,Traceyberg,1973-02-19,Black Jeck
398857429,Isaias,Salas,North Matthew,1934-02-02,Black Jeck
896399777,Cole,Sullivan,East David,1987-08-03,Bridge
723783579,Jayce,Bowen,Jamesside,1984-01-07,Remi
180540608,Mathias,West,New Aaronhaven,1952-12-22,Remi
367296549,Aldo,Carlson,Gravesbury,1966-12-09,Remi
689145614,Anakin,Dennis,Michellebury,1974-12-03,Black Jeck
775720036,Omari,Wolfe,Delgadotown,1946-07-01,Poker
134307523,Jose,Shah,Manningshire,1974-07-10,Bridge
128577605,Oakley,Benton,Dixonville,1942-05-01,Poker
700538463,Anton,Blankenship,Amandaview,1984-02-02,Remi
487984174,Bentlee,Oconnell,Johnfurt,1976-04-26,Poker
360790007,Ronnie,Mclaughlin,Reeseton,1987-04-26,Black Jeck
608584944,Aiden,Pena,North Thomasfort,1967-08-23,Black Jeck
032600942,Marco,Ortiz,South Anthony,1987-10-14,Bridge
158714653,Kristian,Wilcox,West Jesseberg,1950-08-04,Black Jeck
648294596,Javon,Miller,Andrewmouth,1956-05-07,Poker
714619352,Gannon,Hines,Port Kimberlytown,1947-07-10,Black Jeck
644996987,Tobias,Lane,East Stacyshire,1965-10-18,Poker
367601105,Kingston,Santos,Johnchester,1977-09-15,Remi
421493330,Maison,Guerrero,Marktown,1943-09-20,Black Jeck
201119728,Tanner,Mccarthy,Port Destiny,1978-12-24,Black Jeck
766386546,Melvin,Osborn,New Jessicaland,1958-12-11,Remi
861599997,Alistair,Booth,Dixonburgh,1960-06-19,Poker
112591756,Will,Carey,Lewisview,1943-02-17,Bridge
766194807,Chase,Lara,Scottfurt,1957-04-22,Black Jeck
917215485,Ayan,Kane,East Brianstad,1950-01-07,Remi
345877433,Layne,Brennan,Matthewsborough,1975-01-18,Black Jeck
480891343,River,Jarvis,Jameschester,1954-10-19,Bridge
651954401,Liam,Bolton,Port Brian,1986-05-03,Remi
994128454,Zachary,Zavala,West Annette,1987-01-08,Remi
386238140,Jorge,Ho,East Scott,1985-11-22,Poker
623993164,Rohan,Esparza,Thompsonmouth,1945-12-14,Black Jeck
494649313,Miles,Bernard,New Shawn,1976-04-07,Black Jeck
258321037,Francisco,Patterson,South Devin,1974-01-13,Bridge
893094460,Ryan,Murray,New Christina,1990-11-06,Bridge
469179307,Jaxton,Moss,New Bryceborough,1957-08-23,Remi
099510261,Zaire,Herman,Sarahfort,1981-05-12,Remi
279929547,Johnathan,Boyle,West Susanfurt,1963-01-18,Poker
653540499,Ali,Zimmerman,Huberville,1939-01-24,Bridge
095515430,Carter,Montgomery,Kevinton,1936-07-22,Poker
291519466,Lawson,Rojas,Lake Benjaminburgh,1956-11-14,Bridge
734531149,Yisroel,Arias,South Nicolemouth,1980-03-13,Bridge
886587745,Omar,Ellison,South Daniel,1979-08-11,Bridge
859467602,Kaleb,Bass,Lake Pamela,1967-10-08,Black Jeck
458878625,Jon,Reeves,Markbury,1974-07-01,Remi
406127009,Ronald,Holden,Bakerport,1990-12-14,Poker
428496482,Mark,Pham,West Gregory,1990-01-15,Remi
087332153,Colin,Page,South Duaneton,1946-08-11,Poker
651362209,Aron,Curry,South Paul,1969-10-26,Remi
349653320,Sam,Lutz,East Nicholas,1967-08-08,Poker
566670639,Roland,Parker,West Dianaview,1992-05-09,Poker
002343220,Luciano,Ray,Woodardside,1981-07-15,Bridge
803240777,Brayden,Farrell,Lake Scott,1931-08-27,Poker
144333986,Skylar,Fuller,Christinafort,1991-03-06,Black Jeck
242233438,Leonel,Thornton,Molinashire,1955-09-21,Remi
894484671,Douglas,Burgess,Alexisville,1988-02-05,Remi
999796225,Noe,Alvarez,Sheliamouth,1986-12-12,Remi
369862994,Branson,Park,Bishopside,1964-10-09,Black Jeck
324138122,Finnley,Briggs,Lake Hayden,1935-11-03,Remi
620023996,Cohen,Eaton,Rodriguezberg,1976-07-03,Bridge
368096531,Channing,Stephenson,Kellybury,1985-12-27,Remi
424819162,Mohammed,Stout,Lake Ashleyville,1954-02-01,Remi
211884665,Stephen,Webb,Coltonchester,1959-08-25,Black Jeck
127798417,Collin,Jackson,Jeffreyburgh,1943-02-09,Bridge
614412754,Shawn,Lowery,Lake Zacharyport,1960-06-22,Poker
917886544,Brodie,Moses,West Ernesthaven,1951-06-11,Bridge
933284960,Jerome,Roman,North Kristinaberg,1942-09-06,Black Jeck
629286505,Simon,Crane,Kylemouth,1979-05-10,Black Jeck
155854176,Rogelio,Meadows,Port Angela,1935-12-27,Black Jeck
739151733,Jaime,Barajas,South Samanthaberg,1936-02-11,Black Jeck
158002458,Karter,Hamilton,Brownville,1988-03-23,Black Jeck
974766206,Caden,Orr,Christopherfort,1989-05-17,Poker
158978965,Rudy,Winters,West Ronaldberg,1935-08-10,Bridge
046912969,Rayan,Baker,West Alyssafurt,1991-06-09,Bridge
663224471,Dominique,Escobar,Chamberschester,1973-08-11,Black Jeck
278281949,Oscar,Mckee,Lake Paul,1979-02-15,Black Jeck
005050830,Miller,Norton,Jenniferburgh,1935-10-18,Remi
549540908,Ryker,Houston,Tinaberg,1949-05-18,Black Jeck
726882766,Brenden,York,New Markfort,1988-08-12,Bridge
439102998,Thaddeus,Dean,Lake Patricia,1961-07-05,Poker
385056356,Dax,Hooper,Johnstonmouth,1955-06-03,Black Jeck
560227449,Robert,Andrade,East Leslie,1940-03-15,Remi
006781777,Braydon,Herrera,Meadowsfurt,1958-12-20,Black Jeck
994586567,Terrence,Schneider,West Donna,1938-08-26,Bridge
